{
  "experiment": "S019E",
  "description": "Pooled tercile calibration (27 tasks x 6 arms x 5 folds x 1 seed = 810 cells)",
  "seed": 123,
  "git_hash": "unknown",
  "n_results": 810,
  "n_failed_targets": 0,
  "failed_targets": [],
  "frac_cells_degenerate": 0.0,
  "elapsed_seconds": 576.1,
  "d4": {
    "verdict": "FAIL",
    "mu_hat": 0.7333333333333333,
    "mu_hat_task": 0.4888888888888889,
    "se_mu": 0.1835856849095367,
    "threshold": 0.2,
    "t_stat": 2.9050921568102517,
    "df_primary": 2.0,
    "p_one_sided": 0.05043881044078691,
    "p_invert": 0.9713323909580349,
    "p_naive_task_level": 0.00019175804422455478,
    "tau2": 0.09574911759990722,
    "sigma2": 0.08757120739800207,
    "icc": 0.5223049740992942,
    "design_effect": 5.178439792794354,
    "effective_N": 5.213925637905398,
    "k_families": 3,
    "n_tasks": 27,
    "mm_converged": true,
    "family_means": {
      "environmental": 0.9333333333333331,
      "health": 0.36666666666666664,
      "socioeconomic": 0.8999999999999999
    },
    "frac_rho_positive": 0.8888888888888888
  },
  "d4_per_task": {
    "annual_checkup": {
      "rho_t": 0.7,
      "rho_t_per_seed": [
        0.7
      ],
      "n_degenerate_folds": 0,
      "n_excluded_arms": 0,
      "family": "health"
    },
    "arthritis": {
      "rho_t": 0.49999999999999994,
      "rho_t_per_seed": [
        0.49999999999999994
      ],
      "n_degenerate_folds": 0,
      "n_excluded_arms": 0,
      "family": "health"
    },
    "asthma": {
      "rho_t": 0.19999999999999998,
      "rho_t_per_seed": [
        0.19999999999999998
      ],
      "n_degenerate_folds": 0,
      "n_excluded_arms": 0,
      "family": "health"
    },
    "binge_drinking": {
      "rho_t": 0.6,
      "rho_t_per_seed": [
        0.6
      ],
      "n_degenerate_folds": 0,
      "n_excluded_arms": 0,
      "family": "health"
    },
    "bp_medicated": {
      "rho_t": 0.7999999999999999,
      "rho_t_per_seed": [
        0.7999999999999999
      ],
      "n_degenerate_folds": 0,
      "n_excluded_arms": 0,
      "family": "health"
    },
    "cancer": {
      "rho_t": 0.6,
      "rho_t_per_seed": [
        0.6
      ],
      "n_degenerate_folds": 0,
      "n_excluded_arms": 0,
      "family": "health"
    },
    "cholesterol_screening": {
      "rho_t": 0.19999999999999998,
      "rho_t_per_seed": [
        0.19999999999999998
      ],
      "n_degenerate_folds": 0,
      "n_excluded_arms": 0,
      "family": "health"
    },
    "chronic_kidney_disease": {
      "rho_t": 0.39999999999999997,
      "rho_t_per_seed": [
        0.39999999999999997
      ],
      "n_degenerate_folds": 0,
      "n_excluded_arms": 0,
      "family": "health"
    },
    "copd": {
      "rho_t": -0.09999999999999999,
      "rho_t_per_seed": [
        -0.09999999999999999
      ],
      "n_degenerate_folds": 0,
      "n_excluded_arms": 0,
      "family": "health"
    },
    "coronary_heart_disease": {
      "rho_t": 0.9999999999999999,
      "rho_t_per_seed": [
        0.9999999999999999
      ],
      "n_degenerate_folds": 0,
      "n_excluded_arms": 0,
      "family": "health"
    },
    "dental_visit": {
      "rho_t": 0.3,
      "rho_t_per_seed": [
        0.3
      ],
      "n_degenerate_folds": 0,
      "n_excluded_arms": 0,
      "family": "health"
    },
    "diabetes": {
      "rho_t": 0.7,
      "rho_t_per_seed": [
        0.7
      ],
      "n_degenerate_folds": 0,
      "n_excluded_arms": 0,
      "family": "health"
    },
    "elevation": {
      "rho_t": 0.9999999999999999,
      "rho_t_per_seed": [
        0.9999999999999999
      ],
      "n_degenerate_folds": 0,
      "n_excluded_arms": 0,
      "family": "environmental"
    },
    "high_blood_pressure": {
      "rho_t": 0.3,
      "rho_t_per_seed": [
        0.3
      ],
      "n_degenerate_folds": 0,
      "n_excluded_arms": 0,
      "family": "health"
    },
    "high_cholesterol": {
      "rho_t": 0.39999999999999997,
      "rho_t_per_seed": [
        0.39999999999999997
      ],
      "n_degenerate_folds": 0,
      "n_excluded_arms": 0,
      "family": "health"
    },
    "home_value": {
      "rho_t": 0.9999999999999999,
      "rho_t_per_seed": [
        0.9999999999999999
      ],
      "n_degenerate_folds": 0,
      "n_excluded_arms": 0,
      "family": "socioeconomic"
    },
    "income": {
      "rho_t": 0.7999999999999999,
      "rho_t_per_seed": [
        0.7999999999999999
      ],
      "n_degenerate_folds": 0,
      "n_excluded_arms": 0,
      "family": "socioeconomic"
    },
    "mental_health_not_good": {
      "rho_t": -0.19999999999999998,
      "rho_t_per_seed": [
        -0.19999999999999998
      ],
      "n_degenerate_folds": 0,
      "n_excluded_arms": 0,
      "family": "health"
    },
    "night_lights": {
      "rho_t": 0.8999999999999998,
      "rho_t_per_seed": [
        0.8999999999999998
      ],
      "n_degenerate_folds": 0,
      "n_excluded_arms": 0,
      "family": "environmental"
    },
    "obesity": {
      "rho_t": -0.09999999999999999,
      "rho_t_per_seed": [
        -0.09999999999999999
      ],
      "n_degenerate_folds": 0,
      "n_excluded_arms": 0,
      "family": "health"
    },
    "physical_health_not_good": {
      "rho_t": 0.09999999999999999,
      "rho_t_per_seed": [
        0.09999999999999999
      ],
      "n_degenerate_folds": 0,
      "n_excluded_arms": 0,
      "family": "health"
    },
    "physical_inactivity": {
      "rho_t": 0.09999999999999999,
      "rho_t_per_seed": [
        0.09999999999999999
      ],
      "n_degenerate_folds": 0,
      "n_excluded_arms": 0,
      "family": "health"
    },
    "population_density": {
      "rho_t": 0.8999999999999998,
      "rho_t_per_seed": [
        0.8999999999999998
      ],
      "n_degenerate_folds": 0,
      "n_excluded_arms": 0,
      "family": "socioeconomic"
    },
    "sleep_less_7hr": {
      "rho_t": 0.09999999999999999,
      "rho_t_per_seed": [
        0.09999999999999999
      ],
      "n_degenerate_folds": 0,
      "n_excluded_arms": 0,
      "family": "health"
    },
    "smoking": {
      "rho_t": 0.39999999999999997,
      "rho_t_per_seed": [
        0.39999999999999997
      ],
      "n_degenerate_folds": 0,
      "n_excluded_arms": 0,
      "family": "health"
    },
    "stroke": {
      "rho_t": 0.7,
      "rho_t_per_seed": [
        0.7
      ],
      "n_degenerate_folds": 0,
      "n_excluded_arms": 0,
      "family": "health"
    },
    "tree_cover": {
      "rho_t": 0.8999999999999998,
      "rho_t_per_seed": [
        0.8999999999999998
      ],
      "n_degenerate_folds": 0,
      "n_excluded_arms": 0,
      "family": "environmental"
    }
  },
  "per_task": [
    {
      "target": "annual_checkup",
      "family": "health",
      "n_cells": 30,
      "n_degenerate": 0,
      "frac_degenerate": 0.0,
      "mean_r2": 0.5963,
      "mean_R_clean": 0.3381,
      "mean_proxy_kappa_clean": 0.2264,
      "mean_theory_kappa": 0.1714,
      "rho_t": 0.7,
      "rho_t_per_seed": [
        0.7
      ]
    },
    {
      "target": "arthritis",
      "family": "health",
      "n_cells": 30,
      "n_degenerate": 0,
      "frac_degenerate": 0.0,
      "mean_r2": 0.6686,
      "mean_R_clean": 0.3396,
      "mean_proxy_kappa_clean": 0.228,
      "mean_theory_kappa": 0.1842,
      "rho_t": 0.5,
      "rho_t_per_seed": [
        0.49999999999999994
      ]
    },
    {
      "target": "asthma",
      "family": "health",
      "n_cells": 30,
      "n_degenerate": 0,
      "frac_degenerate": 0.0,
      "mean_r2": 0.6067,
      "mean_R_clean": 0.3396,
      "mean_proxy_kappa_clean": 0.2271,
      "mean_theory_kappa": 0.155,
      "rho_t": 0.2,
      "rho_t_per_seed": [
        0.19999999999999998
      ]
    },
    {
      "target": "binge_drinking",
      "family": "health",
      "n_cells": 30,
      "n_degenerate": 0,
      "frac_degenerate": 0.0,
      "mean_r2": 0.4687,
      "mean_R_clean": 0.336,
      "mean_proxy_kappa_clean": 0.2245,
      "mean_theory_kappa": 0.1896,