{
  "experiment": "S019E",
  "description": "Pooled tercile calibration (27 tasks x 6 arms x 5 folds x 1 seed = 810 cells)",
  "seed": 456,
  "git_hash": "unknown",
  "n_results": 810,
  "n_failed_targets": 0,
  "failed_targets": [],
  "frac_cells_degenerate": 0.0,
  "elapsed_seconds": 565.1,
  "d4": {
    "verdict": "FAIL",
    "mu_hat": 0.4126984126984126,
    "mu_hat_task": 0.20740740740740737,
    "se_mu": 0.17213991157183353,
    "threshold": 0.2,
    "t_stat": 1.2356135817442553,
    "df_primary": 2.0,
    "p_one_sided": 0.17102272488319814,
    "p_invert": 0.930657218066011,
    "p_naive_task_level": 0.4672061946701187,
    "tau2": 0.0,
    "sigma2": 0.17216117216117213,
    "icc": 0.0,
    "design_effect": 1.0,
    "effective_N": 27.0,
    "k_families": 3,
    "n_tasks": 27,
    "mm_converged": true,
    "family_means": {
      "environmental": 0.6999999999999998,
      "health": 0.10476190476190475,
      "socioeconomic": 0.4333333333333333
    },
    "frac_rho_positive": 0.5925925925925926
  },
  "d4_per_task": {
    "annual_checkup": {
      "rho_t": 0.49999999999999994,
      "rho_t_per_seed": [
        0.49999999999999994
      ],
      "n_degenerate_folds": 0,
      "n_excluded_arms": 0,
      "family": "health"
    },
    "arthritis": {
      "rho_t": -0.9999999999999999,
      "rho_t_per_seed": [
        -0.9999999999999999
      ],
      "n_degenerate_folds": 0,
      "n_excluded_arms": 0,
      "family": "health"
    },
    "asthma": {
      "rho_t": -0.09999999999999999,
      "rho_t_per_seed": [
        -0.09999999999999999
      ],
      "n_degenerate_folds": 0,
      "n_excluded_arms": 0,
      "family": "health"
    },
    "binge_drinking": {
      "rho_t": 0.9999999999999999,
      "rho_t_per_seed": [
        0.9999999999999999
      ],
      "n_degenerate_folds": 0,
      "n_excluded_arms": 0,
      "family": "health"
    },
    "bp_medicated": {
      "rho_t": -0.19999999999999998,
      "rho_t_per_seed": [
        -0.19999999999999998
      ],
      "n_degenerate_folds": 0,
      "n_excluded_arms": 0,
      "family": "health"
    },
    "cancer": {
      "rho_t": 0.3,
      "rho_t_per_seed": [
        0.3
      ],
      "n_degenerate_folds": 0,
      "n_excluded_arms": 0,
      "family": "health"
    },
    "cholesterol_screening": {
      "rho_t": 0.19999999999999998,
      "rho_t_per_seed": [
        0.19999999999999998
      ],
      "n_degenerate_folds": 0,
      "n_excluded_arms": 0,
      "family": "health"
    },
    "chronic_kidney_disease": {
      "rho_t": 0.0,
      "rho_t_per_seed": [
        0.0
      ],
      "n_degenerate_folds": 0,
      "n_excluded_arms": 0,
      "family": "health"
    },
    "copd": {
      "rho_t": -0.19999999999999998,
      "rho_t_per_seed": [
        -0.19999999999999998
      ],
      "n_degenerate_folds": 0,
      "n_excluded_arms": 0,
      "family": "health"
    },
    "coronary_heart_disease": {
      "rho_t": 0.3,
      "rho_t_per_seed": [
        0.3
      ],
      "n_degenerate_folds": 0,
      "n_excluded_arms": 0,
      "family": "health"
    },
    "dental_visit": {
      "rho_t": -0.09999999999999999,
      "rho_t_per_seed": [
        -0.09999999999999999
      ],
      "n_degenerate_folds": 0,
      "n_excluded_arms": 0,
      "family": "health"
    },
    "diabetes": {
      "rho_t": 0.09999999999999999,
      "rho_t_per_seed": [
        0.09999999999999999
      ],
      "n_degenerate_folds": 0,
      "n_excluded_arms": 0,
      "family": "health"
    },
    "elevation": {
      "rho_t": 0.7999999999999999,
      "rho_t_per_seed": [
        0.7999999999999999
      ],
      "n_degenerate_folds": 0,
      "n_excluded_arms": 0,
      "family": "environmental"
    },
    "high_blood_pressure": {
      "rho_t": 0.7,
      "rho_t_per_seed": [
        0.7
      ],
      "n_degenerate_folds": 0,
      "n_excluded_arms": 0,
      "family": "health"
    },
    "high_cholesterol": {
      "rho_t": 0.0,
      "rho_t_per_seed": [
        0.0
      ],
      "n_degenerate_folds": 0,
      "n_excluded_arms": 0,
      "family": "health"
    },
    "home_value": {
      "rho_t": 0.9999999999999999,
      "rho_t_per_seed": [
        0.9999999999999999
      ],
      "n_degenerate_folds": 0,
      "n_excluded_arms": 0,
      "family": "socioeconomic"
    },
    "income": {
      "rho_t": -0.3,
      "rho_t_per_seed": [
        -0.3
      ],
      "n_degenerate_folds": 0,
      "n_excluded_arms": 0,
      "family": "socioeconomic"
    },
    "mental_health_not_good": {
      "rho_t": -0.09999999999999999,
      "rho_t_per_seed": [
        -0.09999999999999999
      ],
      "n_degenerate_folds": 0,
      "n_excluded_arms": 0,
      "family": "health"
    },
    "night_lights": {
      "rho_t": 0.8999999999999998,
      "rho_t_per_seed": [
        0.8999999999999998
      ],
      "n_degenerate_folds": 0,
      "n_excluded_arms": 0,
      "family": "environmental"
    },
    "obesity": {
      "rho_t": -0.3,
      "rho_t_per_seed": [
        -0.3
      ],
      "n_degenerate_folds": 0,
      "n_excluded_arms": 0,
      "family": "health"
    },
    "physical_health_not_good": {
      "rho_t": 0.6,
      "rho_t_per_seed": [
        0.6
      ],
      "n_degenerate_folds": 0,
      "n_excluded_arms": 0,
      "family": "health"
    },
    "physical_inactivity": {
      "rho_t": -0.09999999999999999,
      "rho_t_per_seed": [
        -0.09999999999999999
      ],
      "n_degenerate_folds": 0,
      "n_excluded_arms": 0,
      "family": "health"
    },
    "population_density": {
      "rho_t": 0.6,
      "rho_t_per_seed": [
        0.6
      ],
      "n_degenerate_folds": 0,
      "n_excluded_arms": 0,
      "family": "socioeconomic"
    },
    "sleep_less_7hr": {
      "rho_t": 0.19999999999999998,
      "rho_t_per_seed": [
        0.19999999999999998
      ],
      "n_degenerate_folds": 0,
      "n_excluded_arms": 0,
      "family": "health"
    },
    "smoking": {
      "rho_t": 0.09999999999999999,
      "rho_t_per_seed": [
        0.09999999999999999
      ],
      "n_degenerate_folds": 0,
      "n_excluded_arms": 0,
      "family": "health"
    },
    "stroke": {
      "rho_t": 0.3,
      "rho_t_per_seed": [
        0.3
      ],
      "n_degenerate_folds": 0,
      "n_excluded_arms": 0,
      "family": "health"
    },
    "tree_cover": {
      "rho_t": 0.39999999999999997,
      "rho_t_per_seed": [
        0.39999999999999997
      ],
      "n_degenerate_folds": 0,
      "n_excluded_arms": 0,
      "family": "environmental"
    }
  },
  "per_task": [
    {
      "target": "annual_checkup",
      "family": "health",
      "n_cells": 30,
      "n_degenerate": 0,
      "frac_degenerate": 0.0,
      "mean_r2": 0.5983,
      "mean_R_clean": 0.3266,
      "mean_proxy_kappa_clean": 0.2161,
      "mean_theory_kappa": 0.1677,
      "rho_t": 0.5,
      "rho_t_per_seed": [
        0.49999999999999994
      ]
    },
    {
      "target": "arthritis",
      "family": "health",
      "n_cells": 30,
      "n_degenerate": 0,
      "frac_degenerate": 0.0,
      "mean_r2": 0.6688,
      "mean_R_clean": 0.3394,
      "mean_proxy_kappa_clean": 0.2282,
      "mean_theory_kappa": 0.1845,
      "rho_t": -1.0,
      "rho_t_per_seed": [
        -0.9999999999999999
      ]
    },
    {
      "target": "asthma",
      "family": "health",
      "n_cells": 30,
      "n_degenerate": 0,
      "frac_degenerate": 0.0,
      "mean_r2": 0.6054,
      "mean_R_clean": 0.3334,
      "mean_proxy_kappa_clean": 0.2216,
      "mean_theory_kappa": 0.1565,
      "rho_t": -0.1,
      "rho_t_per_seed": [
        -0.09999999999999999
      ]
    },
    {
      "target": "binge_drinking",
      "family": "health",
      "n_cells": 30,
      "n_degenerate": 0,
      "frac_degenerate": 0.0,
      "mean_r2": 0.4693,
      "mean_R_clean": 0.341,
      "mean_proxy_kappa_clean": 0.2298,
      "mean_theory_kappa": 0.1886,
      "rho_t": 1.0,