{
  "experiment": "E7_nonredundancy",
  "n_proxies": 5,
  "n_targets": 27,
  "proxy_names": [
    "kappa_compat",
    "kappa_hierarchical",
    "kappa_logical",
    "kappa_smooth",
    "theory_sigma"
  ],
  "correlation_matrix": [
    [
      1.0,
      0.004273504273504274,
      0.5219780219780219,
      -0.562881562881563,
      0.16178266178266176
    ],
    [
      0.004273504273504274,
      1.0,
      -0.03418803418803419,
      0.010378510378510378,
      -0.008547008547008548
    ],
    [
      0.5219780219780219,
      -0.03418803418803419,
      1.0,
      -0.7081807081807082,
      -0.1043956043956044
    ],
    [
      -0.562881562881563,
      0.010378510378510378,
      -0.7081807081807082,
      1.0,
      0.3455433455433455
    ],
    [
      0.16178266178266176,
      -0.008547008547008548,
      -0.1043956043956044,
      0.3455433455433455,
      1.0
    ]
  ],
  "mean_abs_correlation": 0.24621489621489623,
  "redundant_pairs": [],
  "pass_criteria": {
    "no_redundant_pairs": true,
    "mean_abs_corr_lt_0.6": "True"
  }
}