{
  "experiment": "E4_hierarchical_maup",
  "n_tasks": 27,
  "kappa_range": [
    0.23796179550008256,
    0.3800145158529884
  ],
  "monotonic_count": 27,
  "per_task": {
    "annual_checkup": {
      "county_eta_squared": 0.6847132760902386,
      "county_kappa": 0.3152867239097614,
      "county_n_groups": 50,
      "state_eta_squared": 0.158066388206383,
      "state_kappa": 0.841933611793617,
      "state_n_groups": 10,
      "mean_r2": 0.5968368632310515
    },
    "arthritis": {
      "county_eta_squared": 0.6673659198848536,
      "county_kappa": 0.3326340801151464,
      "county_n_groups": 50,
      "state_eta_squared": 0.059533552843153995,
      "state_kappa": 0.940466447156846,
      "state_n_groups": 10,
      "mean_r2": 0.6689418115666182
    },
    "asthma": {
      "county_eta_squared": 0.6857808071757343,
      "county_kappa": 0.3142191928242657,
      "county_n_groups": 50,
      "state_eta_squared": 0.15556359079751275,
      "state_kappa": 0.8444364092024872,
      "state_n_groups": 10,
      "mean_r2": 0.6060875113124641
    },
    "binge_drinking": {
      "county_eta_squared": 0.7161668665871319,
      "county_kappa": 0.2838331334128681,
      "county_n_groups": 50,
      "state_eta_squared": 0.10447575421417139,
      "state_kappa": 0.8955242457858286,
      "state_n_groups": 10,
      "mean_r2": 0.46817168379991714
    },
    "bp_medicated": {
      "county_eta_squared": 0.7620382044999174,
      "county_kappa": 0.23796179550008256,
      "county_n_groups": 50,
      "state_eta_squared": 0.1203109091167772,
      "state_kappa": 0.8796890908832228,
      "state_n_groups": 10,
      "mean_r2": 0.6244548970127398
    },
    "cancer": {
      "county_eta_squared": 0.7394678718859379,
      "county_kappa": 0.2605321281140621,
      "county_n_groups": 50,
      "state_eta_squared": 0.1739450897111722,
      "state_kappa": 0.8260549102888278,
      "state_n_groups": 10,
      "mean_r2": 0.5815127917446541
    },
    "cholesterol_screening": {
      "county_eta_squared": 0.6259269955261476,
      "county_kappa": 0.3740730044738524,
      "county_n_groups": 50,
      "state_eta_squared": 0.06682278045103417,
      "state_kappa": 0.9331772195489658,
      "state_n_groups": 10,
      "mean_r2": 0.49937805198806395
    },
    "chronic_kidney_disease": {
      "county_eta_squared": 0.6435327107170611,
      "county_kappa": 0.3564672892829389,
      "county_n_groups": 50,
      "state_eta_squared": 0.07291575351263203,
      "state_kappa": 0.927084246487368,
      "state_n_groups": 10,
      "mean_r2": 0.601742325420732
    },
    "copd": {
      "county_eta_squared": 0.6788733388919521,
      "county_kappa": 0.3211266611080479,
      "county_n_groups": 50,
      "state_eta_squared": 0.08625892672844869,
      "state_kappa": 0.9137410732715513,
      "state_n_groups": 10,
      "mean_r2": 0.7286933335035558
    },
    "coronary_heart_disease": {
      "county_eta_squared": 0.6744840651358792,
      "county_kappa": 0.3255159348641208,
      "county_n_groups": 50,
      "state_eta_squared": 0.13730551880825723,
      "state_kappa": 0.8626944811917427,
      "state_n_groups": 10,
      "mean_r2": 0.6289963329454217
    },
    "dental_visit": {
      "county_eta_squared": 0.7553357615954256,
      "county_kappa": 0.2446642384045744,
      "county_n_groups": 50,
      "state_eta_squared": 0.13749957250653155,
      "state_kappa": 0.8625004274934684,
      "state_n_groups": 10,
      "mean_r2": 0.7648503212818745
    },
    "diabetes": {
      "county_eta_squared": 0.6798831153117412,
      "county_kappa": 0.32011688468825883,
      "county_n_groups": 50,
      "state_eta_squared": 0.09478980039122381,
      "state_kappa": 0.9052101996087762,
      "state_n_groups": 10,
      "mean_r2": 0.7114404494563288
    },
    "elevation": {
      "county_eta_squared": 0.6708650741273909,
      "county_kappa": 0.32913492587260906,
      "county_n_groups": 50,
      "state_eta_squared": 0.10593015721228863,
      "state_kappa": 0.8940698427877114,
      "state_n_groups": 10,
      "mean_r2": 0.5126253091439754
    },
    "high_blood_pressure": {
      "county_eta_squared": 0.6979816611411013,
      "county_kappa": 0.3020183388588987,
      "county_n_groups": 50,
      "state_eta_squared": 0.054012852789511075,
      "state_kappa": 0.9459871472104889,
      "state_n_groups": 10,
      "mean_r2": 0.684144860796479
    },
    "high_cholesterol": {
      "county_eta_squared": 0.7385463065021665,
      "county_kappa": 0.26145369349783354,
      "county_n_groups": 50,
      "state_eta_squared": 0.19019067628021016,
      "state_kappa": 0.8098093237197899,
      "state_n_groups": 10,
      "mean_r2": 0.5450628445139907
    },
    "home_value": {
      "county_eta_squared": 0.6499418769244015,
      "county_kappa": 0.35005812307559847,
      "county_n_groups": 50,
      "state_eta_squared": 0.10790925336455516,
      "state_kappa": 0.8920907466354449,
      "state_n_groups": 10,
      "mean_r2": 0.7260839586144792
    },
    "income": {
      "county_eta_squared": 0.7192962011911386,
      "county_kappa": 0.2807037988088614,
      "county_n_groups": 50,
      "state_eta_squared": 0.086211415710869,
      "state_kappa": 0.913788584289131,
      "state_n_groups": 10,
      "mean_r2": 0.6434775933310237
    },
    "mental_health_not_good": {
      "county_eta_squared": 0.7338420800813308,
      "county_kappa": 0.2661579199186692,
      "county_n_groups": 50,
      "state_eta_squared": 0.12966508228891976,
      "state_kappa": 0.8703349177110802,
      "state_n_groups": 10,
      "mean_r2": 0.6934460083382543
    },
    "night_lights": {
      "county_eta_squared": 0.6272561234348104,
      "county_kappa": 0.3727438765651896,
      "county_n_groups": 50,
      "state_eta_squared": 0.1631745773374897,
      "state_kappa": 0.8368254226625103,
      "state_n_groups": 10,
      "mean_r2": 0.8200626311247383
    },
    "obesity": {
      "county_eta_squared": 0.7266641457681172,
      "county_kappa": 0.2733358542318828,
      "county_n_groups": 50,
      "state_eta_squared": 0.15309494277536417,
      "state_kappa": 0.8469050572246358,
      "state_n_groups": 10,
      "mean_r2": 0.6992601046842672
    },
    "physical_health_not_good": {
      "county_eta_squared": 0.6986629291610414,
      "county_kappa": 0.30133707083895855,
      "county_n_groups": 50,
      "state_eta_squared": 0.14436278648991313,
      "state_kappa": 0.8556372135100869,
      "state_n_groups": 10,
      "mean_r2": 0.7678281603440692
    },
    "physical_inactivity": {
      "county_eta_squared": 0.6770652864556447,
      "county_kappa": 0.3229347135443553,
      "county_n_groups": 50,
      "state_eta_squared": 0.15443889435226296,
      "state_kappa": 0.845561105647737,
      "state_n_groups": 10,
      "mean_r2": 0.7587753548255002
    },
    "population_density": {
      "county_eta_squared": 0.7594364594722557,
      "county_kappa": 0.2405635405277443,
      "county_n_groups": 50,
      "state_eta_squared": 0.11503881347737062,
      "state_kappa": 0.8849611865226293,
      "state_n_groups": 10,
      "mean_r2": 0.7676611429678385
    },
    "sleep_less_7hr": {
      "county_eta_squared": 0.722191482953198,
      "county_kappa": 0.277808517046802,
      "county_n_groups": 50,
      "state_eta_squared": 0.18243245751470916,
      "state_kappa": 0.8175675424852908,
      "state_n_groups": 10,
      "mean_r2": 0.6415544503236833
    },
    "smoking": {
      "county_eta_squared": 0.6682782449871157,
      "county_kappa": 0.33172175501288426,
      "county_n_groups": 50,
      "state_eta_squared": 0.10659057268713631,
      "state_kappa": 0.8934094273128637,
      "state_n_groups": 10,
      "mean_r2": 0.7634210451797171
    },
    "stroke": {
      "county_eta_squared": 0.6199854841470116,
      "county_kappa": 0.3800145158529884,
      "county_n_groups": 50,
      "state_eta_squared": 0.0884074934304229,
      "state_kappa": 0.9115925065695771,
      "state_n_groups": 10,