{
  "total_modes": 9,
  "top1_correct": 9,
  "top3_correct": 9,
  "top1_accuracy": 1.0,
  "top3_accuracy": 1.0,
  "results": [
    {
      "injected_mode": "GCF-1.1",
      "injected_name": "Tercile Uniformity",
      "top1_mode": "GCF-1.1",
      "top3_modes": [
        "GCF-1.1",
        "GCF-2.1",
        "GCF-3.3"
      ],
      "top1_match": true,
      "top3_match": true,
      "signals": {
        "label_entropy": 0.9243809092684415,
        "prediction_entropy": 0.9000579945259759,
        "delta_structure": 0.1280598634958744,
        "noisy_control_similarity": 0.8532492866083027,
        "aggregate_separation": 0.1802683381575906,
        "all_execute_rate": 0.7180232810283262,
        "alpha_profile_corr": 0.5451768516519816,
        "alpha_rank_gap": 0.45668929551463444,
        "cross_solver_label_agreement": 0.007105429548521109,
        "false_execute_risk": 0.34095063806629766,
        "fine_routing_accuracy": 0.6238422704450249,
        "gate_entropy": 0.5540538768281259,
        "kappa_compression": 0.024127388488311093,
        "metric_range": 0.22492631339710897,
        "n_ceiling_correlation": 0.2482208805947438,
        "native_tightness": 0.44759315120410526,
        "proxy_success_corr": 0.5384425218451203,
        "serious_solver_range": 0.5230124047127046,
        "sigma_outlier": 0.45272430955910725,
        "solver_label_dependence": 0.0015579471811231873,
        "solver_specificity": 0.035588940778332315,
        "target_variance": 0.005399243546727262
      },
      "candidates": [
        {
          "mode": "GCF-1.1",
          "name": "Tercile Uniformity",
          "category": "GC1",
          "confidence": 1.0
        },
        {
          "mode": "GCF-2.1",
          "name": "Scalar Projection",
          "category": "GC2",
          "confidence": 0.592
        },
        {
          "mode": "GCF-3.3",
          "name": "Fine-Routing Failure",
          "category": "GC3",
          "confidence": 0.5809
        }
      ]
    },
    {
      "injected_mode": "GCF-1.2",
      "injected_name": "Label-Solver Coupling",
      "top1_mode": "GCF-1.2",
      "top3_modes": [
        "GCF-1.2",
        "GCF-2.1",
        "GCF-3.1"
      ],
      "top1_match": true,
      "top3_match": true,
      "signals": {
        "solver_label_dependence": 0.8205057058805191,
        "cross_solver_label_agreement": 0.21903739403469646,
        "delta_structure": 0.5714740113334682,
        "target_variance": 0.5342358169545447,
        "aggregate_separation": 0.45580758388198656,
        "all_execute_rate": 0.713963988405102,
        "alpha_profile_corr": 0.5321140104090155,
        "alpha_rank_gap": 0.4649786084128601,
        "false_execute_risk": 0.33904040447419925,
        "fine_routing_accuracy": 0.6131958064532332,
        "gate_entropy": 0.5746596967241133,
        "kappa_compression": 0.02733974273509472,
        "label_entropy": 0.7279287777863243,
        "metric_range": 0.2004617039724185,
        "n_ceiling_correlation": 0.24274493020709242,
        "native_tightness": 0.4070632843654535,
        "noisy_control_similarity": 0.4180716903953567,
        "prediction_entropy": 0.6899582034512362,
        "proxy_success_corr": 0.5474983858047199,
        "serious_solver_range": 0.5014042482333283,
        "sigma_outlier": 0.47080154890392684,
        "solver_specificity": 0.034037807849205966
      },
      "candidates": [
        {
          "mode": "GCF-1.2",
          "name": "Label-Solver Coupling",
          "category": "GC1",
          "confidence": 1.0
        },
        {
          "mode": "GCF-2.1",
          "name": "Scalar Projection",
          "category": "GC2",
          "confidence": 0.6628
        },
        {
          "mode": "GCF-3.1",
          "name": "Target-Solver Conflation",
          "category": "GC3",
          "confidence": 0.5941
        }
      ]
    },
    {
      "injected_mode": "GCF-1.3",
      "injected_name": "Target-Difficulty Conflation",
      "top1_mode": "GCF-1.3",
      "top3_modes": [
        "GCF-1.3",
        "GCF-3.1",
        "GCF-3.3"
      ],
      "top1_match": true,
      "top3_match": true,
      "signals": {
        "n_ceiling_correlation": 0.7963451002984752,
        "target_variance": 0.7712856546673289,
        "cross_solver_label_agreement": 0.7500089347282713,
        "solver_label_dependence": 0.22058319299968682,
        "delta_structure": 0.4582233385363116,
        "aggregate_separation": 0.03526814848847598,
        "all_execute_rate": 0.7308681080518475,
        "alpha_profile_corr": 0.5209960017348665,
        "alpha_rank_gap": 0.4851383175611804,
        "false_execute_risk": 0.31839550294166835,
        "fine_routing_accuracy": 0.6290541398823276,
        "gate_entropy": 0.5895208940212994,
        "kappa_compression": 0.008749296344414481,
        "label_entropy": 0.7091067304870201,
        "metric_range": 0.2414002402970417,
        "native_tightness": 0.4441927090246812,
        "noisy_control_similarity": 0.4049022425457002,
        "prediction_entropy": 0.6613114230394501,
        "proxy_success_corr": 0.5468306831404156,
        "serious_solver_range": 0.5386966553448178,
        "sigma_outlier": 0.490834509752351,
        "solver_specificity": 0.04319916547499125
      },
      "candidates": [
        {
          "mode": "GCF-1.3",
          "name": "Target-Difficulty Conflation",
          "category": "GC1",
          "confidence": 1.0
        },
        {
          "mode": "GCF-3.1",
          "name": "Target-Solver Conflation",
          "category": "GC3",
          "confidence": 0.64
        },
        {
          "mode": "GCF-3.3",
          "name": "Fine-Routing Failure",
          "category": "GC3",
          "confidence": 0.5531
        }
      ]
    },
    {
      "injected_mode": "GCF-2.1",
      "injected_name": "Scalar Projection",
      "top1_mode": "GCF-2.1",
      "top3_modes": [
        "GCF-2.1",
        "GCF-2.2",
        "GCF-3.2"
      ],
      "top1_match": true,
      "top3_match": true,
      "signals": {
        "alpha_rank_gap": 0.8080943576343076,
        "sigma_outlier": 0.7996548793398505,
        "kappa_compression": 0.4276169302885486,
        "gate_entropy": 0.1795904296950924,
        "aggregate_separation": 0.6099629865242593,
        "all_execute_rate": 0.7252734862484393,
        "alpha_profile_corr": 0.5073854169290947,
        "cross_solver_label_agreement": 0.03939508252686703,
        "delta_structure": 0.005783854262776833,
        "false_execute_risk": 0.3244602729686019,
        "fine_routing_accuracy": 0.6155488023846144,
        "label_entropy": 0.701912949445633,
        "metric_range": 0.206385786562462,
        "n_ceiling_correlation": 0.2145766521764315,
        "native_tightness": 0.4436717698586521,
        "noisy_control_similarity": 0.41470057151888773,
        "prediction_entropy": 0.6740595784991259,
        "proxy_success_corr": 0.5287740577461006,
        "serious_solver_range": 0.5202150826631614,
        "solver_label_dependence": 0.01669483658880081,
        "solver_specificity": 0.003693567468948772,
        "target_variance": 0.010058316264291618
      },
      "candidates": [
        {
          "mode": "GCF-2.1",
          "name": "Scalar Projection",
          "category": "GC2",
          "confidence": 1.0
        },
        {
          "mode": "GCF-2.2",
          "name": "Gate Compression",
          "category": "GC2",
          "confidence": 0.7439
        },
        {
          "mode": "GCF-3.2",
          "name": "Proxy Calibration Drift",
          "category": "GC3",
          "confidence": 0.7377
        }
      ]
    },
    {
      "injected_mode": "GCF-2.2",
      "injected_name": "Gate Compression",
      "top1_mode": "GCF-2.2",